brand_id,icon_url,source_page_url,rights_notes
abc,https://upload.wikimedia.org/wikipedia/commons/thumb/2/2f/ABC-2021-LOGO.svg/500px-ABC-2021-LOGO.svg.png,https://commons.wikimedia.org/wiki/File:ABC-2021-LOGO.svg,Network trademark used only for exact ABC-family identification.
cbs,https://upload.wikimedia.org/wikipedia/commons/thumb/4/4e/CBS_logo.svg/500px-CBS_logo.svg.png,https://commons.wikimedia.org/wiki/File:CBS_logo.svg,Network trademark used only for exact CBS-family identification.
cw,https://upload.wikimedia.org/wikipedia/commons/thumb/b/b1/The_CW_2024.svg/500px-The_CW_2024.svg.png,https://commons.wikimedia.org/wiki/File:The_CW_2024.svg,Network trademark used only for exact CW-affiliate identification.
espn,https://upload.wikimedia.org/wikipedia/commons/thumb/2/2f/ESPN_wordmark.svg/500px-ESPN_wordmark.svg.png,https://commons.wikimedia.org/wiki/File:ESPN_wordmark.svg,Brand trademark used only for exact ESPN-family identification.
flosports,https://upload.wikimedia.org/wikipedia/commons/3/30/FloSports_logo.png,https://commons.wikimedia.org/wiki/File:FloSports_logo.png,Brand trademark used only for exact FloSports numbered-event identification.
fox,https://upload.wikimedia.org/wikipedia/commons/thumb/c/c0/Fox_Broadcasting_Company_logo_%282019%29.svg/500px-Fox_Broadcasting_Company_logo_%282019%29.svg.png,https://commons.wikimedia.org/wiki/File:Fox_Broadcasting_Company_logo_%282019%29.svg,Network trademark used only for exact US FOX-affiliate identification.
mynetworktv,https://upload.wikimedia.org/wikipedia/commons/thumb/3/38/MyNetworkTV_2D_Logo.svg/500px-MyNetworkTV_2D_Logo.svg.png,https://commons.wikimedia.org/wiki/File:MyNetworkTV_2D_Logo.svg,Network trademark used only for exact MyNetworkTV-affiliate identification.
nbc,https://upload.wikimedia.org/wikipedia/commons/thumb/0/0b/NBC_logo_2022.svg/500px-NBC_logo_2022.svg.png,https://commons.wikimedia.org/wiki/File:NBC_logo_2022.svg,Network trademark used only for exact NBC-affiliate identification.
nfl,https://upload.wikimedia.org/wikipedia/commons/thumb/e/e4/NFL_wordmark_logo_2008.svg/500px-NFL_wordmark_logo_2008.svg.png,https://commons.wikimedia.org/wiki/File:NFL_wordmark_logo_2008.svg,League trademark used only for exact NFL channel and numbered-event identification.
pbs,https://upload.wikimedia.org/wikipedia/commons/thumb/8/89/PBS_logo_2019.svg/500px-PBS_logo_2019.svg.png,https://commons.wikimedia.org/wiki/File:PBS_logo_2019.svg,Network trademark used only for exact PBS-affiliate identification.
tsn,https://upload.wikimedia.org/wikipedia/commons/thumb/9/90/TSN_Logo.svg/500px-TSN_Logo.svg.png,https://commons.wikimedia.org/wiki/File:TSN_Logo.svg,Network trademark used only for exact TSN 1-5 identification.
wgn,https://upload.wikimedia.org/wikipedia/commons/thumb/2/2f/WGN_9_logo.svg/500px-WGN_9_logo.svg.png,https://commons.wikimedia.org/wiki/File:WGN_9_logo.svg,Station trademark used only for exact WGN Chicago identification.
