asset_id,subject_type,subject_name,person_role,local_file,asset_kind,creator,license_id,license_url,output_sha256,review_status,rights_notes
person-fallback-a-r-rahman,person,A. R. Rahman,singer,generated/people/person-fallback-a-r-rahman.png,generated_named_fallback,SKY TV,CC0-1.0,https://creativecommons.org/publicdomain/zero/1.0/,fd1a331e52b3372f029756556209d0d9d0cf84318c576002c17f1f60d15d38e6,fallback_ready,Original name-and-motif artwork released under CC0; no portrait or third-party image.
person-fallback-abhay-deol,person,Abhay Deol,actor,generated/people/person-fallback-abhay-deol.png,generated_named_fallback,SKY TV,CC0-1.0,https://creativecommons.org/publicdomain/zero/1.0/,823759d77f641941c84343052bf22ea4c0f700c09d68f21b5d41be7972cc2220,fallback_ready,Original name-and-motif artwork released under CC0; no portrait or third-party image.
person-fallback-abhijeet-bhattacharya,person,Abhijeet Bhattacharya,singer,generated/people/person-fallback-abhijeet-bhattacharya.png,generated_named_fallback,SKY TV,CC0-1.0,https://creativecommons.org/publicdomain/zero/1.0/,dcb83421c5be3221b25fb49326019ccab0bdf3bff557d3b9b62110a8ac8b2384,fallback_ready,Original name-and-motif artwork released under CC0; no portrait or third-party image.
person-fallback-abhishek-bachchan,person,Abhishek Bachchan,actor,generated/people/person-fallback-abhishek-bachchan.png,generated_named_fallback,SKY TV,CC0-1.0,https://creativecommons.org/publicdomain/zero/1.0/,8fe32917232b53ab6300c9a9aecab1526bac39553f02ea98510b94fef068f80d,fallback_ready,Original name-and-motif artwork released under CC0; no portrait or third-party image.
person-fallback-abrar-ul-haq,person,Abrar Ul Haq,singer,generated/people/person-fallback-abrar-ul-haq.png,generated_named_fallback,SKY TV,CC0-1.0,https://creativecommons.org/publicdomain/zero/1.0/,c27b9206a9fdcf83a605e4dcac0a09289d4140578906c9b45cb7cd4cdb6f3a92,fallback_ready,Original name-and-motif artwork released under CC0; no portrait or third-party image.
person-fallback-adnan-sami,person,Adnan Sami,singer,generated/people/person-fallback-adnan-sami.png,generated_named_fallback,SKY TV,CC0-1.0,https://creativecommons.org/publicdomain/zero/1.0/,7f368e92fb6a7493ef42d20686ca3adf22989bf075d45cebd21ac7b47cffc5ee,fallback_ready,Original name-and-motif artwork released under CC0; no portrait or third-party image.
person-fallback-aftab-shivdasani,person,Aftab Shivdasani,actor,generated/people/person-fallback-aftab-shivdasani.png,generated_named_fallback,SKY TV,CC0-1.0,https://creativecommons.org/publicdomain/zero/1.0/,232d727b125fedb1c9a50ff6be5930001c5a6e9396ee8e0a50b29f0613615bc0,fallback_ready,Original name-and-motif artwork released under CC0; no portrait or third-party image.
person-fallback-aima-baig,person,Aima Baig,singer,generated/people/person-fallback-aima-baig.png,generated_named_fallback,SKY TV,CC0-1.0,https://creativecommons.org/publicdomain/zero/1.0/,37fc977a6c77646367a58a51a613a98b7f9477d1e3b72fa5bca0dfecd374b586,fallback_ready,Original name-and-motif artwork released under CC0; no portrait or third-party image.
person-fallback-ajay-devgn,person,Ajay Devgn,actor,generated/people/person-fallback-ajay-devgn.png,generated_named_fallback,SKY TV,CC0-1.0,https://creativecommons.org/publicdomain/zero/1.0/,64dcf929324545ff5fe9b8aa9dd5c55b4b36d518ce4ec3dccee92e82084a9605,fallback_ready,Original name-and-motif artwork released under CC0; no portrait or third-party image.
person-fallback-akhil,person,Akhil,singer,generated/people/person-fallback-akhil.png,generated_named_fallback,SKY TV,CC0-1.0,https://creativecommons.org/publicdomain/zero/1.0/,c3d697819a93ca5c5ca864e8432c59df766ac6d6bc45927fd16060346cc11f54,fallback_ready,Original name-and-motif artwork released under CC0; no portrait or third-party image.
person-fallback-akhlaq-ahmed,person,Akhlaq Ahmed,singer,generated/people/person-fallback-akhlaq-ahmed.png,generated_named_fallback,SKY TV,CC0-1.0,https://creativecommons.org/publicdomain/zero/1.0/,3d3798765c6949ecd8017d2b443b5a98fc000346a9827d494314390f05832153,fallback_ready,Original name-and-motif artwork released under CC0; no portrait or third-party image.
person-fallback-akshay-kumar,person,Akshay Kumar,actor,generated/people/person-fallback-akshay-kumar.png,generated_named_fallback,SKY TV,CC0-1.0,https://creativecommons.org/publicdomain/zero/1.0/,780ad4ac4ce399c46e9a072ffcbf6e419e11290afca5816e9b1337951d5ded1c,fallback_ready,Original name-and-motif artwork released under CC0; no portrait or third-party image.
person-fallback-ali-azmat,person,Ali Azmat,singer,generated/people/person-fallback-ali-azmat.png,generated_named_fallback,SKY TV,CC0-1.0,https://creativecommons.org/publicdomain/zero/1.0/,1402be4c7b8a30903d3d46a6dc345d91f9bc30184f259525c1959dc77907c0a0,fallback_ready,Original name-and-motif artwork released under CC0; no portrait or third-party image.
person-fallback-ali-zafar,person,Ali Zafar,singer,generated/people/person-fallback-ali-zafar.png,generated_named_fallback,SKY TV,CC0-1.0,https://creativecommons.org/publicdomain/zero/1.0/,ac1005b53a5bf3739bfda5fbc10f41fbf6e72b01930408f30be319785aa3ab30,fallback_ready,Original name-and-motif artwork released under CC0; no portrait or third-party image.
person-fallback-alisha-chinai,person,Alisha Chinai,singer,generated/people/person-fallback-alisha-chinai.png,generated_named_fallback,SKY TV,CC0-1.0,https://creativecommons.org/publicdomain/zero/1.0/,69b2b4b7f0719ea5c724383ea576eb184e4d7ca1314fdf81ba88cf8fc0ec0163,fallback_ready,Original name-and-motif artwork released under CC0; no portrait or third-party image.
person-fallback-alka-yagnik,person,Alka Yagnik,singer,generated/people/person-fallback-alka-yagnik.png,generated_named_fallback,SKY TV,CC0-1.0,https://creativecommons.org/publicdomain/zero/1.0/,665cf87b770132f610e649d668513a1da3bd105cd4e6a2832ce2dc273f251771,fallback_ready,Original name-and-motif artwork released under CC0; no portrait or third-party image.
person-fallback-aman-hayer,person,Aman Hayer,singer,generated/people/person-fallback-aman-hayer.png,generated_named_fallback,SKY TV,CC0-1.0,https://creativecommons.org/publicdomain/zero/1.0/,ff0681e16311014d4e4629dddbadfd0cc81f945c7630265364e436d06120808d,fallback_ready,Original name-and-motif artwork released under CC0; no portrait or third-party image.
person-fallback-amar,person,Amar,singer,generated/people/person-fallback-amar.png,generated_named_fallback,SKY TV,CC0-1.0,https://creativecommons.org/publicdomain/zero/1.0/,e4577cbaf6072887eac2ebf6553b2635c456e2db2e7a68cb7963e1b785ee0764,fallback_ready,Original name-and-motif artwork released under CC0; no portrait or third-party image.
person-fallback-amar-noorie,person,Amar Noorie,singer,generated/people/person-fallback-amar-noorie.png,generated_named_fallback,SKY TV,CC0-1.0,https://creativecommons.org/publicdomain/zero/1.0/,eb18480a328fcb0f1dec2205aadb10a6c57bc96ad43eb3b60298965140d74c96,fallback_ready,Original name-and-motif artwork released under CC0; no portrait or third-party image.
person-fallback-amitabh-bachchan,person,Amitabh Bachchan,actor,generated/people/person-fallback-amitabh-bachchan.png,generated_named_fallback,SKY TV,CC0-1.0,https://creativecommons.org/publicdomain/zero/1.0/,39f14a5351c908abaef3e860da917007cef816fe6dd4b57cfed1b3f2f34a7155,fallback_ready,Original name-and-motif artwork released under CC0; no portrait or third-party image.
person-fallback-amrish-puri,person,Amrish Puri,actor,generated/people/person-fallback-amrish-puri.png,generated_named_fallback,SKY TV,CC0-1.0,https://creativecommons.org/publicdomain/zero/1.0/,0c653ba20bdffe6f7da9b4c366f0e7a2904ffd91cf8ee47d91bc2af709611aaa,fallback_ready,Original name-and-motif artwork released under CC0; no portrait or third-party image.
person-fallback-amrit-maan,person,Amrit Maan,singer,generated/people/person-fallback-amrit-maan.png,generated_named_fallback,SKY TV,CC0-1.0,https://creativecommons.org/publicdomain/zero/1.0/,2fc54cf60fc7dac3b5b9e609a164ced74df9dc3dfa76ea2170f10337a4806d09,fallback_ready,Original name-and-motif artwork released under CC0; no portrait or third-party image.
person-fallback-angrej-ali,person,Angrej Ali,singer,generated/people/person-fallback-angrej-ali.png,generated_named_fallback,SKY TV,CC0-1.0,https://creativecommons.org/publicdomain/zero/1.0/,9c6ac801cdc130729ed3cdd643674194f2680f71524a9853ac549c3665029a7e,fallback_ready,Original name-and-motif artwork released under CC0; no portrait or third-party image.
person-fallback-anil-kapoor,person,Anil Kapoor,actor,generated/people/person-fallback-anil-kapoor.png,generated_named_fallback,SKY TV,CC0-1.0,https://creativecommons.org/publicdomain/zero/1.0/,34bf50ee1cc46be160de33804d67fbb1887f43471ff2085bb27d7bc939d2ac66,fallback_ready,Original name-and-motif artwork released under CC0; no portrait or third-party image.
person-fallback-anupam-kher,person,Anupam Kher,actor,generated/people/person-fallback-anupam-kher.png,generated_named_fallback,SKY TV,CC0-1.0,https://creativecommons.org/publicdomain/zero/1.0/,4f012d1197fb0ef19fe2294b2e5818d9e19ed248206e5138d35b598be68e96d3,fallback_ready,Original name-and-motif artwork released under CC0; no portrait or third-party image.
person-fallback-anuradha-paudwal,person,Anuradha Paudwal,singer,generated/people/person-fallback-anuradha-paudwal.png,generated_named_fallback,SKY TV,CC0-1.0,https://creativecommons.org/publicdomain/zero/1.0/,bae746cc4014ec065aa7140bb7e77eddc8f20100b05fe45f94bc8e866c6d05d1,fallback_ready,Original name-and-motif artwork released under CC0; no portrait or third-party image.
person-fallback-arif-lohar,person,Arif Lohar,singer,generated/people/person-fallback-arif-lohar.png,generated_named_fallback,SKY TV,CC0-1.0,https://creativecommons.org/publicdomain/zero/1.0/,c51575deea4ce84f67caf1370d261b133aa37da42edd67eb9bac25e555744494,fallback_ready,Original name-and-motif artwork released under CC0; no portrait or third-party image.
person-fallback-arijit-singh,person,Arijit Singh,singer,generated/people/person-fallback-arijit-singh.png,generated_named_fallback,SKY TV,CC0-1.0,https://creativecommons.org/publicdomain/zero/1.0/,e9e1a892d3c889c09389d3466c8eccd2a4a9f58e62d79e5c9f2f5f0235ddb6b3,fallback_ready,Original name-and-motif artwork released under CC0; no portrait or third-party image.
person-fallback-asha-bhosle,person,Asha Bhosle,singer,generated/people/person-fallback-asha-bhosle.png,generated_named_fallback,SKY TV,CC0-1.0,https://creativecommons.org/publicdomain/zero/1.0/,2e50e8f29465a78efa4efcc47c9a0c9f7ed0536d7a1c51178647602bc551eae0,fallback_ready,Original name-and-motif artwork released under CC0; no portrait or third-party image.
person-fallback-atif-aslam,person,Atif Aslam,singer,generated/people/person-fallback-atif-aslam.png,generated_named_fallback,SKY TV,CC0-1.0,https://creativecommons.org/publicdomain/zero/1.0/,366e524d22e290fb6044601c05e3067cf0956a7c07ee10f7811dbd91b1e8ad6d,fallback_ready,Original name-and-motif artwork released under CC0; no portrait or third-party image.
person-fallback-ayushmann-khurrana,person,Ayushmann Khurrana,actor,generated/people/person-fallback-ayushmann-khurrana.png,generated_named_fallback,SKY TV,CC0-1.0,https://creativecommons.org/publicdomain/zero/1.0/,0d5cf666ce99235aaa51dc44b73e00cab78a2c245b79c868be8163af62178cf4,fallback_ready,Original name-and-motif artwork released under CC0; no portrait or third-party image.
person-fallback-b-praak,person,B Praak,singer,generated/people/person-fallback-b-praak.png,generated_named_fallback,SKY TV,CC0-1.0,https://creativecommons.org/publicdomain/zero/1.0/,481d7b44c3619b5e8701a50f8122375c040dbbb006ac37b57b7ea1d8790007bd,fallback_ready,Original name-and-motif artwork released under CC0; no portrait or third-party image.
person-fallback-baba-sehgal,person,Baba Sehgal,singer,generated/people/person-fallback-baba-sehgal.png,generated_named_fallback,SKY TV,CC0-1.0,https://creativecommons.org/publicdomain/zero/1.0/,951665171b3090971135231a2d5890aab1db593ee77c3ecda8956c2955619949,fallback_ready,Original name-and-motif artwork released under CC0; no portrait or third-party image.
person-fallback-babbal-rai,person,Babbal Rai,singer,generated/people/person-fallback-babbal-rai.png,generated_named_fallback,SKY TV,CC0-1.0,https://creativecommons.org/publicdomain/zero/1.0/,172d08fe1bfe7423707c9d1d2a4a6336548b5c02912f6bc1cbd1eba7485f7956,fallback_ready,Original name-and-motif artwork released under CC0; no portrait or third-party image.
person-fallback-babbu-maan,person,Babbu Maan,singer,generated/people/person-fallback-babbu-maan.png,generated_named_fallback,SKY TV,CC0-1.0,https://creativecommons.org/publicdomain/zero/1.0/,8a006f077bf3ba6401d3f59990f887dc909b2345e4d2882ab4da5a76a475f6a3,fallback_ready,Original name-and-motif artwork released under CC0; no portrait or third-party image.
person-fallback-baljit-malwa,person,Baljit Malwa,singer,generated/people/person-fallback-baljit-malwa.png,generated_named_fallback,SKY TV,CC0-1.0,https://creativecommons.org/publicdomain/zero/1.0/,a4c8b343a6b82b99e66da8e2e2c34f8826b750c6c58ba1ccda27764e23204bba,fallback_ready,Original name-and-motif artwork released under CC0; no portrait or third-party image.
person-fallback-balkar-sidhu,person,Balkar Sidhu,singer,generated/people/person-fallback-balkar-sidhu.png,generated_named_fallback,SKY TV,CC0-1.0,https://creativecommons.org/publicdomain/zero/1.0/,e5d4f4905c1646509f2e3c35ea340c4196f950fdc4c0470b832c908b61c716d7,fallback_ready,Original name-and-motif artwork released under CC0; no portrait or third-party image.
person-fallback-bharat-bhushan,person,Bharat Bhushan,actor,generated/people/person-fallback-bharat-bhushan.png,generated_named_fallback,SKY TV,CC0-1.0,https://creativecommons.org/publicdomain/zero/1.0/,360785b2e5a25aae2ee065ac7e3de4d0da22207e16a8aef32b865ea4206ff097,fallback_ready,Original name-and-motif artwork released under CC0; no portrait or third-party image.
person-fallback-bikram-singh,person,Bikram Singh,singer,generated/people/person-fallback-bikram-singh.png,generated_named_fallback,SKY TV,CC0-1.0,https://creativecommons.org/publicdomain/zero/1.0/,e8339fc675d90a46fbecb17e61b560f67e71e0d8c5a18439de4fcaadabf49c7f,fallback_ready,Original name-and-motif artwork released under CC0; no portrait or third-party image.
person-fallback-bilal-saeed,person,Bilal Saeed,singer,generated/people/person-fallback-bilal-saeed.png,generated_named_fallback,SKY TV,CC0-1.0,https://creativecommons.org/publicdomain/zero/1.0/,23a32ddda3a43abb195ab7580a42f1b88baa8d430716c9ed78f083f04bce4b90,fallback_ready,Original name-and-motif artwork released under CC0; no portrait or third-party image.
person-fallback-bobby-deol,person,Bobby Deol,actor,generated/people/person-fallback-bobby-deol.png,generated_named_fallback,SKY TV,CC0-1.0,https://creativecommons.org/publicdomain/zero/1.0/,24651f12e8d8e964171edbe564b91d6ae03f4a022af5b1cebddbf616a344e5e9,fallback_ready,Original name-and-motif artwork released under CC0; no portrait or third-party image.
person-fallback-bohemia,person,Bohemia,singer,generated/people/person-fallback-bohemia.png,generated_named_fallback,SKY TV,CC0-1.0,https://creativecommons.org/publicdomain/zero/1.0/,26f0623ef4995d1c4282c22d67b2ad87568cad7ceec21bec55c78afe14460962,fallback_ready,Original name-and-motif artwork released under CC0; no portrait or third-party image.
person-fallback-boman-irani,person,Boman Irani,actor,generated/people/person-fallback-boman-irani.png,generated_named_fallback,SKY TV,CC0-1.0,https://creativecommons.org/publicdomain/zero/1.0/,cd80ffba3c07ffcd8011e9814982f9ad85dc33ae0677329e5795976eadac6e40,fallback_ready,Original name-and-motif artwork released under CC0; no portrait or third-party image.
person-fallback-daler-mehndi,person,Daler Mehndi,singer,generated/people/person-fallback-daler-mehndi.png,generated_named_fallback,SKY TV,CC0-1.0,https://creativecommons.org/publicdomain/zero/1.0/,fc1e8581e61d64902fcff8a1ccbb0c8e5dc6d876459a71bea688a91fdc7abe21,fallback_ready,Original name-and-motif artwork released under CC0; no portrait or third-party image.
person-fallback-deep-jandu,person,Deep Jandu,singer,generated/people/person-fallback-deep-jandu.png,generated_named_fallback,SKY TV,CC0-1.0,https://creativecommons.org/publicdomain/zero/1.0/,ac55ff82762a9129f3a9ea375bd614e14f17e15c35ab9fb7ee628d2d2b5bac57,fallback_ready,Original name-and-motif artwork released under CC0; no portrait or third-party image.
person-fallback-dev-anand,person,Dev Anand,actor,generated/people/person-fallback-dev-anand.png,generated_named_fallback,SKY TV,CC0-1.0,https://creativecommons.org/publicdomain/zero/1.0/,059ce7666356df0e3bf27003ca7c86baab248d00046c36c9b793a5acf1b4e769,fallback_ready,Original name-and-motif artwork released under CC0; no portrait or third-party image.
person-fallback-dev-dhillon,person,Dev Dhillon,singer,generated/people/person-fallback-dev-dhillon.png,generated_named_fallback,SKY TV,CC0-1.0,https://creativecommons.org/publicdomain/zero/1.0/,9449fb270b0d507ae8a299fe7852ba3124b957bf2c48a0126529dc950985c709,fallback_ready,Original name-and-motif artwork released under CC0; no portrait or third-party image.
person-fallback-dharmendra,person,Dharmendra,actor,generated/people/person-fallback-dharmendra.png,generated_named_fallback,SKY TV,CC0-1.0,https://creativecommons.org/publicdomain/zero/1.0/,c58a379633aab3416b9069194deb8534545c93d148cf556f3b3708b6fc34fd7b,fallback_ready,Original name-and-motif artwork released under CC0; no portrait or third-party image.
person-fallback-dharmpreet,person,Dharmpreet,singer,generated/people/person-fallback-dharmpreet.png,generated_named_fallback,SKY TV,CC0-1.0,https://creativecommons.org/publicdomain/zero/1.0/,c1e4689724e61b8847224e9a40c669b44edbbf4900130eeb4de5b8d4661c48e3,fallback_ready,Original name-and-motif artwork released under CC0; no portrait or third-party image.
person-fallback-dilip-kumar,person,Dilip Kumar,actor,generated/people/person-fallback-dilip-kumar.png,generated_named_fallback,SKY TV,CC0-1.0,https://creativecommons.org/publicdomain/zero/1.0/,696ee431ae544493dc0b40b6ce5edd3f0676cd3f713b3a1eca881d39951cd91a,fallback_ready,Original name-and-motif artwork released under CC0; no portrait or third-party image.
person-fallback-durga-rangila,person,Durga Rangila,singer,generated/people/person-fallback-durga-rangila.png,generated_named_fallback,SKY TV,CC0-1.0,https://creativecommons.org/publicdomain/zero/1.0/,4b8cbb330c6b6d4b542548b334ec7df6d89650afe6ed0e69d1f48cf1ad5168d2,fallback_ready,Original name-and-motif artwork released under CC0; no portrait or third-party image.
person-fallback-emraan-hashmi,person,Emraan Hashmi,actor,generated/people/person-fallback-emraan-hashmi.png,generated_named_fallback,SKY TV,CC0-1.0,https://creativecommons.org/publicdomain/zero/1.0/,a602ecb6701bbc8a00f5b79533098f58da5ea322e2d87de20c995db97a36277d,fallback_ready,Original name-and-motif artwork released under CC0; no portrait or third-party image.
person-fallback-fakhir-mehmood,person,Fakhir Mehmood,singer,generated/people/person-fallback-fakhir-mehmood.png,generated_named_fallback,SKY TV,CC0-1.0,https://creativecommons.org/publicdomain/zero/1.0/,310b3083ea3cdfeed5260992c09eb0068fd04ba554d6e3b12b615396cc6b75b2,fallback_ready,Original name-and-motif artwork released under CC0; no portrait or third-party image.
person-fallback-falak-shabir,person,Falak Shabir,singer,generated/people/person-fallback-falak-shabir.png,generated_named_fallback,SKY TV,CC0-1.0,https://creativecommons.org/publicdomain/zero/1.0/,9bcce3253c8f0bc05628bde21ef7bfc4df1fd797f5ae91b067ff6a874f7002df,fallback_ready,Original name-and-motif artwork released under CC0; no portrait or third-party image.
person-fallback-farhan-akhtar,person,Farhan Akhtar,actor,generated/people/person-fallback-farhan-akhtar.png,generated_named_fallback,SKY TV,CC0-1.0,https://creativecommons.org/publicdomain/zero/1.0/,7f68af6da4dcb03450b5a3aa74ebafe1899045d856f87c330121e16d38826c36,fallback_ready,Original name-and-motif artwork released under CC0; no portrait or third-party image.
person-fallback-farhan-saeed,person,Farhan Saeed,singer,generated/people/person-fallback-farhan-saeed.png,generated_named_fallback,SKY TV,CC0-1.0,https://creativecommons.org/publicdomain/zero/1.0/,02ad10d82d30fe718c973f90d7a83af74833630df4fbef560d244bc789929123,fallback_ready,Original name-and-motif artwork released under CC0; no portrait or third-party image.
person-fallback-feroz-khan,person,Feroz Khan,actor,generated/people/person-fallback-feroz-khan.png,generated_named_fallback,SKY TV,CC0-1.0,https://creativecommons.org/publicdomain/zero/1.0/,d1dfad162aa992b9c61143b77acab67b631f7d98a4201f228783bc03f4a1ddb3,fallback_ready,Original name-and-motif artwork released under CC0; no portrait or third-party image.
person-fallback-ghulam-abbas,person,Ghulam Abbas,singer,generated/people/person-fallback-ghulam-abbas.png,generated_named_fallback,SKY TV,CC0-1.0,https://creativecommons.org/publicdomain/zero/1.0/,e1134bca0a65be387d2e1c7c96f190614779f0cc29b65fbd676aafdce06bd031,fallback_ready,Original name-and-motif artwork released under CC0; no portrait or third-party image.
person-fallback-gohar-mumtaz,person,Gohar Mumtaz,singer,generated/people/person-fallback-gohar-mumtaz.png,generated_named_fallback,SKY TV,CC0-1.0,https://creativecommons.org/publicdomain/zero/1.0/,b06ab091e38aeffe051505ee599757d2a7eb64aafafb8b23c196e38c431004fc,fallback_ready,Original name-and-motif artwork released under CC0; no portrait or third-party image.
person-fallback-gul-panra,person,Gul Panra,singer,generated/people/person-fallback-gul-panra.png,generated_named_fallback,SKY TV,CC0-1.0,https://creativecommons.org/publicdomain/zero/1.0/,865f3014cbbcab1d6786958ff2fa41f910aea3997fef60dc1e69ea33f7ace8e1,fallback_ready,Original name-and-motif artwork released under CC0; no portrait or third-party image.
person-fallback-gulshan-grover,person,Gulshan Grover,actor,generated/people/person-fallback-gulshan-grover.png,generated_named_fallback,SKY TV,CC0-1.0,https://creativecommons.org/publicdomain/zero/1.0/,cb7130f804e4d14b170d3592ced053950d5f85367d5267fd49c9507ffe9afffe,fallback_ready,Original name-and-motif artwork released under CC0; no portrait or third-party image.
person-fallback-guri,person,Guri,singer,generated/people/person-fallback-guri.png,generated_named_fallback,SKY TV,CC0-1.0,https://creativecommons.org/publicdomain/zero/1.0/,806b677b2a9471e48050b648c793e8fc4b0d8e3d7bc28eadb2754676e5cb3d1d,fallback_ready,Original name-and-motif artwork released under CC0; no portrait or third-party image.
person-fallback-gurnam-bhullar,person,Gurnam Bhullar,singer,generated/people/person-fallback-gurnam-bhullar.png,generated_named_fallback,SKY TV,CC0-1.0,https://creativecommons.org/publicdomain/zero/1.0/,dcf6e65c8e1fe351a02a7ccf08d7de7d67723c6d1924c79c6f1a63e9e3692082,fallback_ready,Original name-and-motif artwork released under CC0; no portrait or third-party image.
person-fallback-gurshabad,person,Gurshabad,singer,generated/people/person-fallback-gurshabad.png,generated_named_fallback,SKY TV,CC0-1.0,https://creativecommons.org/publicdomain/zero/1.0/,650c61bc70e88006369b0754de6f28ee12ee9983696d93822460145f836c0e67,fallback_ready,Original name-and-motif artwork released under CC0; no portrait or third-party image.
person-fallback-guru-randhawa,person,Guru Randhawa,singer,generated/people/person-fallback-guru-randhawa.png,generated_named_fallback,SKY TV,CC0-1.0,https://creativecommons.org/publicdomain/zero/1.0/,fe970952c310bb6655bfb0dd9304835d2b4ae4155162860164d6e3ce69834f55,fallback_ready,Original name-and-motif artwork released under CC0; no portrait or third-party image.
person-fallback-h-dhami,person,H Dhami,singer,generated/people/person-fallback-h-dhami.png,generated_named_fallback,SKY TV,CC0-1.0,https://creativecommons.org/publicdomain/zero/1.0/,8938a8d67d1e8c8dfc5ea2ecddcdd1a1fc35e0b90e345ed5b7bf114d3d0c912b,fallback_ready,Original name-and-motif artwork released under CC0; no portrait or third-party image.
person-fallback-hadiqa-kiani,person,Hadiqa Kiani,singer,generated/people/person-fallback-hadiqa-kiani.png,generated_named_fallback,SKY TV,CC0-1.0,https://creativecommons.org/publicdomain/zero/1.0/,69b8da74c58ebb3f1fb1c1d483981ecd5d42c27a1b404085f273799878ad0145,fallback_ready,Original name-and-motif artwork released under CC0; no portrait or third-party image.
person-fallback-happy-raikoti,person,Happy Raikoti,singer,generated/people/person-fallback-happy-raikoti.png,generated_named_fallback,SKY TV,CC0-1.0,https://creativecommons.org/publicdomain/zero/1.0/,61d16fecec882955ec50b0c33ffd8368bec9e9a0d62c4634eca1260e7391786b,fallback_ready,Original name-and-motif artwork released under CC0; no portrait or third-party image.
person-fallback-harjit-harman,person,Harjit Harman,singer,generated/people/person-fallback-harjit-harman.png,generated_named_fallback,SKY TV,CC0-1.0,https://creativecommons.org/publicdomain/zero/1.0/,fdb5634816498613904ba4f44dbb9aef63f029788cadaa454aa0cec8cd5b5c06,fallback_ready,Original name-and-motif artwork released under CC0; no portrait or third-party image.
person-fallback-himesh-reshammiya,person,Himesh Reshammiya,singer,generated/people/person-fallback-himesh-reshammiya.png,generated_named_fallback,SKY TV,CC0-1.0,https://creativecommons.org/publicdomain/zero/1.0/,47e1822a5b659acef936ef7ab76961c74086a71c996ba0b715aa7e5705a9e2d1,fallback_ready,Original name-and-motif artwork released under CC0; no portrait or third-party image.
person-fallback-hrithik-roshan,person,Hrithik Roshan,actor,generated/people/person-fallback-hrithik-roshan.png,generated_named_fallback,SKY TV,CC0-1.0,https://creativecommons.org/publicdomain/zero/1.0/,b12b7de18f81aedf866df7ebea19b67b3f956c7db135f19b1cfe850528d78bf1,fallback_ready,Original name-and-motif artwork released under CC0; no portrait or third-party image.
person-fallback-humaira-channa,person,Humaira Channa,singer,generated/people/person-fallback-humaira-channa.png,generated_named_fallback,SKY TV,CC0-1.0,https://creativecommons.org/publicdomain/zero/1.0/,970fd8cc177cc45ee342c6b637c61e127a052e3c089d9a77a2a932a001bc757c,fallback_ready,Original name-and-motif artwork released under CC0; no portrait or third-party image.
person-fallback-imran-khan,person,Imran Khan,singer,generated/people/person-fallback-imran-khan.png,generated_named_fallback,SKY TV,CC0-1.0,https://creativecommons.org/publicdomain/zero/1.0/,986e17e901733a87ef645784a2606d6a002759f9266d3b7eb0661deb398619a0,fallback_ready,Original name-and-motif artwork released under CC0; no portrait or third-party image.
person-fallback-inayat-hussain-bhatti,person,Inayat Hussain Bhatti,singer,generated/people/person-fallback-inayat-hussain-bhatti.png,generated_named_fallback,SKY TV,CC0-1.0,https://creativecommons.org/publicdomain/zero/1.0/,2c5b6740e2fac97c2237490c6fbe2346c053f225c744c83f1b8cf43b5d326cdb,fallback_ready,Original name-and-motif artwork released under CC0; no portrait or third-party image.
person-fallback-irrfan-khan,person,Irrfan Khan,actor,generated/people/person-fallback-irrfan-khan.png,generated_named_fallback,SKY TV,CC0-1.0,https://creativecommons.org/publicdomain/zero/1.0/,2edca0f50b7e8c1e79c1148c8927765548046a33cbf3917c1791adaad29403e7,fallback_ready,Original name-and-motif artwork released under CC0; no portrait or third-party image.
person-fallback-jackie-shroff,person,Jackie Shroff,actor,generated/people/person-fallback-jackie-shroff.png,generated_named_fallback,SKY TV,CC0-1.0,https://creativecommons.org/publicdomain/zero/1.0/,5657af1a0f2beb2e8549890d8cf86684a968d8c2ac5c6fe88e563dd18243bea8,fallback_ready,Original name-and-motif artwork released under CC0; no portrait or third-party image.
person-fallback-jagjit-singh,person,Jagjit Singh,singer,generated/people/person-fallback-jagjit-singh.png,generated_named_fallback,SKY TV,CC0-1.0,https://creativecommons.org/publicdomain/zero/1.0/,1464b291425b23792c96a0d8269ec6542e816f78345bb4fbd77e2626254fcfed,fallback_ready,Original name-and-motif artwork released under CC0; no portrait or third-party image.
person-fallback-jasmine-sandlas,person,Jasmine Sandlas,singer,generated/people/person-fallback-jasmine-sandlas.png,generated_named_fallback,SKY TV,CC0-1.0,https://creativecommons.org/publicdomain/zero/1.0/,3a8153dbb352052aa6cbac791870ae42f2bd9db5b8ba779fec6726a4aa2d4f67,fallback_ready,Original name-and-motif artwork released under CC0; no portrait or third-party image.
person-fallback-javed-ali,person,Javed Ali,singer,generated/people/person-fallback-javed-ali.png,generated_named_fallback,SKY TV,CC0-1.0,https://creativecommons.org/publicdomain/zero/1.0/,bd20d91e5db455320868a5a792e4533fb7d0afd0ba11065d843bff215981357b,fallback_ready,Original name-and-motif artwork released under CC0; no portrait or third-party image.
person-fallback-jaz-dhami,person,Jaz Dhami,singer,generated/people/person-fallback-jaz-dhami.png,generated_named_fallback,SKY TV,CC0-1.0,https://creativecommons.org/publicdomain/zero/1.0/,315bce878dcbcbbbc6abcceea2946c9447cfa078228e9b377ccd346b9a357048,fallback_ready,Original name-and-motif artwork released under CC0; no portrait or third-party image.
person-fallback-john-abraham,person,John Abraham,actor,generated/people/person-fallback-john-abraham.png,generated_named_fallback,SKY TV,CC0-1.0,https://creativecommons.org/publicdomain/zero/1.0/,8b4461d2611b8aafc18f0e711ecc5399ce15098372357f49878048e19b09a746,fallback_ready,Original name-and-motif artwork released under CC0; no portrait or third-party image.
person-fallback-johnny-lever,person,Johnny Lever,actor,generated/people/person-fallback-johnny-lever.png,generated_named_fallback,SKY TV,CC0-1.0,https://creativecommons.org/publicdomain/zero/1.0/,97d6d022f368eb2f8051726ea974ddd3fc2dd8ac6f92b5b5ec7d5f13324d2081,fallback_ready,Original name-and-motif artwork released under CC0; no portrait or third-party image.
person-fallback-johnny-walker,person,Johnny Walker,actor,generated/people/person-fallback-johnny-walker.png,generated_named_fallback,SKY TV,CC0-1.0,https://creativecommons.org/publicdomain/zero/1.0/,837694d01c15a0dd59d5dfeda8bed08971c99f68288921d843a703858289777f,fallback_ready,Original name-and-motif artwork released under CC0; no portrait or third-party image.
person-fallback-k-s-chithra,person,K. S. Chithra,singer,generated/people/person-fallback-k-s-chithra.png,generated_named_fallback,SKY TV,CC0-1.0,https://creativecommons.org/publicdomain/zero/1.0/,4f9b8737f6897c2525e9d4a0242053519fb1a252964b93476a213d0f20f6ec8c,fallback_ready,Original name-and-motif artwork released under CC0; no portrait or third-party image.
person-fallback-kader-khan,person,Kader Khan,actor,generated/people/person-fallback-kader-khan.png,generated_named_fallback,SKY TV,CC0-1.0,https://creativecommons.org/publicdomain/zero/1.0/,ded7b220902482e7dd0e91189af2b54d4a648992a1cd31dd0bf21a2bde9e099f,fallback_ready,Original name-and-motif artwork released under CC0; no portrait or third-party image.
person-fallback-kavita-krishnamurti,person,Kavita Krishnamurti,singer,generated/people/person-fallback-kavita-krishnamurti.png,generated_named_fallback,SKY TV,CC0-1.0,https://creativecommons.org/publicdomain/zero/1.0/,8ba40b1b49843aa28b2fdf69521c1ade5fdc579ca63b3bfa54e9ef98acdbd3fb,fallback_ready,Original name-and-motif artwork released under CC0; no portrait or third-party image.
person-fallback-kay-kay-menon,person,Kay Kay Menon,actor,generated/people/person-fallback-kay-kay-menon.png,generated_named_fallback,SKY TV,CC0-1.0,https://creativecommons.org/publicdomain/zero/1.0/,99e7960b027baf0c2a3aafba72cac181d3fdfe0b61b96d6e6b7f058e2b06dcd7,fallback_ready,Original name-and-motif artwork released under CC0; no portrait or third-party image.
person-fallback-kishore-kumar,person,Kishore Kumar,singer,generated/people/person-fallback-kishore-kumar.png,generated_named_fallback,SKY TV,CC0-1.0,https://creativecommons.org/publicdomain/zero/1.0/,078e2e0f5ef5c5811304425133429a5dfdbb1abeda5eaca5b4f48086c652dd7a,fallback_ready,Original name-and-motif artwork released under CC0; no portrait or third-party image.
person-fallback-kk,person,KK,singer,generated/people/person-fallback-kk.png,generated_named_fallback,SKY TV,CC0-1.0,https://creativecommons.org/publicdomain/zero/1.0/,9af43590f6c22e9aae81263c3b70f2fcabf9e5890d8831257cb3b1f50fbe95a4,fallback_ready,Original name-and-motif artwork released under CC0; no portrait or third-party image.
person-fallback-komal-rizvi,person,Komal Rizvi,singer,generated/people/person-fallback-komal-rizvi.png,generated_named_fallback,SKY TV,CC0-1.0,https://creativecommons.org/publicdomain/zero/1.0/,913ff5506d76758653da4c755f1a6d5a0fc67a2dd72b1a08f043bb251e95f8c7,fallback_ready,Original name-and-motif artwork released under CC0; no portrait or third-party image.
person-fallback-kumar-sanu,person,Kumar Sanu,singer,generated/people/person-fallback-kumar-sanu.png,generated_named_fallback,SKY TV,CC0-1.0,https://creativecommons.org/publicdomain/zero/1.0/,7dbb4a8674694177fd1c92cea8bec2d7da9930096b856c9e384b705f43bd9894,fallback_ready,Original name-and-motif artwork released under CC0; no portrait or third-party image.
person-fallback-kunal-ganjawala,person,Kunal Ganjawala,singer,generated/people/person-fallback-kunal-ganjawala.png,generated_named_fallback,SKY TV,CC0-1.0,https://creativecommons.org/publicdomain/zero/1.0/,e2bf6fd78e8fd69870b3c8eed4b8a6056b6df4539996c7b54767ff14941e2362,fallback_ready,Original name-and-motif artwork released under CC0; no portrait or third-party image.
person-fallback-kunal-khemu,person,Kunal Khemu,actor,generated/people/person-fallback-kunal-khemu.png,generated_named_fallback,SKY TV,CC0-1.0,https://creativecommons.org/publicdomain/zero/1.0/,c438692d21c0f6a199928c3c7c7e03b3a9a31e8768884d50ea97a9318136dacf,fallback_ready,Original name-and-motif artwork released under CC0; no portrait or third-party image.
person-fallback-labh-janjua,person,Labh Janjua,singer,generated/people/person-fallback-labh-janjua.png,generated_named_fallback,SKY TV,CC0-1.0,https://creativecommons.org/publicdomain/zero/1.0/,d8f5b83b8d5deca424df94d6549b39944dcc7cc29aa9fa9e29cade91dbf89a30,fallback_ready,Original name-and-motif artwork released under CC0; no portrait or third-party image.
person-fallback-lakhwinder-singh,person,Lakhwinder Singh,singer,generated/people/person-fallback-lakhwinder-singh.png,generated_named_fallback,SKY TV,CC0-1.0,https://creativecommons.org/publicdomain/zero/1.0/,eb60985ca929987b4e6fcc4f1adbc8e0b5c9d366334cb0d73b7b9461aaaf4f82,fallback_ready,Original name-and-motif artwork released under CC0; no portrait or third-party image.
person-fallback-lehmber-hussainpuri,person,Lehmber Hussainpuri,singer,generated/people/person-fallback-lehmber-hussainpuri.png,generated_named_fallback,SKY TV,CC0-1.0,https://creativecommons.org/publicdomain/zero/1.0/,c9b998a526e524d9b044a9c5fed9ca347188ef67c216b217a12a5ef735cb4ecf,fallback_ready,Original name-and-motif artwork released under CC0; no portrait or third-party image.
person-fallback-lucky-ali,person,Lucky Ali,singer,generated/people/person-fallback-lucky-ali.png,generated_named_fallback,SKY TV,CC0-1.0,https://creativecommons.org/publicdomain/zero/1.0/,8bbf3a6f125b69a964f06583e6e92bf4dacc1615d5091648f3dba6a5eae04dad,fallback_ready,Original name-and-motif artwork released under CC0; no portrait or third-party image.
person-fallback-malkit-singh,person,Malkit Singh,singer,generated/people/person-fallback-malkit-singh.png,generated_named_fallback,SKY TV,CC0-1.0,https://creativecommons.org/publicdomain/zero/1.0/,a53834c6f01dd672094e6653b3d9ee745f2f7d04e09e4a83dd45fb12ca6610a6,fallback_ready,Original name-and-motif artwork released under CC0; no portrait or third-party image.
person-fallback-maninder-buttar,person,Maninder Buttar,singer,generated/people/person-fallback-maninder-buttar.png,generated_named_fallback,SKY TV,CC0-1.0,https://creativecommons.org/publicdomain/zero/1.0/,2d4fc5300a11a3412fd086f0538ef1d5e0303ac85f25657db18c2bb919de5fba,fallback_ready,Original name-and-motif artwork released under CC0; no portrait or third-party image.
person-fallback-manmohan-waris,person,Manmohan Waris,singer,generated/people/person-fallback-manmohan-waris.png,generated_named_fallback,SKY TV,CC0-1.0,https://creativecommons.org/publicdomain/zero/1.0/,57322fe237c09c3324e9ef1070aab115806aecee25daab9b6921d21163a14cd3,fallback_ready,Original name-and-motif artwork released under CC0; no portrait or third-party image.
person-fallback-mehmood,person,Mehmood,actor,generated/people/person-fallback-mehmood.png,generated_named_fallback,SKY TV,CC0-1.0,https://creativecommons.org/publicdomain/zero/1.0/,04dd83f59ace0f1b651e526d9c460862fdf7108e90f696e91aa2b81b3a233443,fallback_ready,Original name-and-motif artwork released under CC0; no portrait or third-party image.
person-fallback-mickey-singh,person,Mickey Singh,singer,generated/people/person-fallback-mickey-singh.png,generated_named_fallback,SKY TV,CC0-1.0,https://creativecommons.org/publicdomain/zero/1.0/,416f7ea2aa0706b69e83876015a170d0488351ddd5fc1d8932aa19e1931f1828,fallback_ready,Original name-and-motif artwork released under CC0; no portrait or third-party image.
person-fallback-miss-pooja,person,Miss Pooja,singer,generated/people/person-fallback-miss-pooja.png,generated_named_fallback,SKY TV,CC0-1.0,https://creativecommons.org/publicdomain/zero/1.0/,feb5edd088ad9df290b1b3586e4729e54181b29f098ee965160238b663db65ef,fallback_ready,Original name-and-motif artwork released under CC0; no portrait or third-party image.
person-fallback-mithun-chakraborty,person,Mithun Chakraborty,actor,generated/people/person-fallback-mithun-chakraborty.png,generated_named_fallback,SKY TV,CC0-1.0,https://creativecommons.org/publicdomain/zero/1.0/,4e2d9e126d6d9542112d173db6edd2feed1cfa49c7b1790f90ac63878482bfb6,fallback_ready,Original name-and-motif artwork released under CC0; no portrait or third-party image.
person-fallback-mohammed-aziz,person,Mohammed Aziz,singer,generated/people/person-fallback-mohammed-aziz.png,generated_named_fallback,SKY TV,CC0-1.0,https://creativecommons.org/publicdomain/zero/1.0/,b537e974ca7e0f9436a0d29c3de84d95d996a11d6eb6731f7f57d4150e486f89,fallback_ready,Original name-and-motif artwork released under CC0; no portrait or third-party image.
person-fallback-mohammed-rafi,person,Mohammed Rafi,singer,generated/people/person-fallback-mohammed-rafi.png,generated_named_fallback,SKY TV,CC0-1.0,https://creativecommons.org/publicdomain/zero/1.0/,4efcfe9d854ff8722433e2b4e909698b793806b4c0778e8fe175c987077e2fe3,fallback_ready,Original name-and-motif artwork released under CC0; no portrait or third-party image.
person-fallback-mohit-chauhan,person,Mohit Chauhan,singer,generated/people/person-fallback-mohit-chauhan.png,generated_named_fallback,SKY TV,CC0-1.0,https://creativecommons.org/publicdomain/zero/1.0/,b1b8d0b89cebe8340fd1220ee1bb8c1c045ded61e6e74fcbca5bf821ffbc3147,fallback_ready,Original name-and-motif artwork released under CC0; no portrait or third-party image.
person-fallback-momina-mustehsan,person,Momina Mustehsan,singer,generated/people/person-fallback-momina-mustehsan.png,generated_named_fallback,SKY TV,CC0-1.0,https://creativecommons.org/publicdomain/zero/1.0/,a004f35566cb2a59fd3f2367bd5eff8f24d7e7b8ed90d8f794dba2d4229e66aa,fallback_ready,Original name-and-motif artwork released under CC0; no portrait or third-party image.
person-fallback-mukesh,person,Mukesh,singer,generated/people/person-fallback-mukesh.png,generated_named_fallback,SKY TV,CC0-1.0,https://creativecommons.org/publicdomain/zero/1.0/,24802e06c5c3cc6eb9c2dc8077cf611af7aa51b66bd7eddc3b2e1f5e23e99354,fallback_ready,Original name-and-motif artwork released under CC0; no portrait or third-party image.
person-fallback-mustafa-zahid,person,Mustafa Zahid,singer,generated/people/person-fallback-mustafa-zahid.png,generated_named_fallback,SKY TV,CC0-1.0,https://creativecommons.org/publicdomain/zero/1.0/,628c453591c401b29bff89dfa01950572f1dad6207aecca044b3399e0a4db49a,fallback_ready,Original name-and-motif artwork released under CC0; no portrait or third-party image.
person-fallback-nabeel-shaukat-ali,person,Nabeel Shaukat Ali,singer,generated/people/person-fallback-nabeel-shaukat-ali.png,generated_named_fallback,SKY TV,CC0-1.0,https://creativecommons.org/publicdomain/zero/1.0/,c43a770844e139e42d516d9901ee6b9498196a1dd2c1102edf6990e96e376305,fallback_ready,Original name-and-motif artwork released under CC0; no portrait or third-party image.
person-fallback-nachhatar-gill,person,Nachhatar Gill,singer,generated/people/person-fallback-nachhatar-gill.png,generated_named_fallback,SKY TV,CC0-1.0,https://creativecommons.org/publicdomain/zero/1.0/,e360e8f2cd9574853df3d80dbb8d912a758468159d9e0428f05ef087e689667f,fallback_ready,Original name-and-motif artwork released under CC0; no portrait or third-party image.
person-fallback-nakash-aziz,person,Nakash Aziz,singer,generated/people/person-fallback-nakash-aziz.png,generated_named_fallback,SKY TV,CC0-1.0,https://creativecommons.org/publicdomain/zero/1.0/,c97572de51f32cd289f153c1d35840bf416cd25cba57dc719224cd799ee57150,fallback_ready,Original name-and-motif artwork released under CC0; no portrait or third-party image.
person-fallback-nana-patekar,person,Nana Patekar,actor,generated/people/person-fallback-nana-patekar.png,generated_named_fallback,SKY TV,CC0-1.0,https://creativecommons.org/publicdomain/zero/1.0/,b0e1446568382115c6eb5b85308a899528c6500973221edaf55a3df0d3b64b29,fallback_ready,Original name-and-motif artwork released under CC0; no portrait or third-party image.
person-fallback-naseebo-lal,person,Naseebo Lal,singer,generated/people/person-fallback-naseebo-lal.png,generated_named_fallback,SKY TV,CC0-1.0,https://creativecommons.org/publicdomain/zero/1.0/,299623b0225d38248f33bc5ea4b7eb4fd48a7b7c621b37f7e138ed67ba6adec0,fallback_ready,Original name-and-motif artwork released under CC0; no portrait or third-party image.
person-fallback-naseeruddin-shah,person,Naseeruddin Shah,actor,generated/people/person-fallback-naseeruddin-shah.png,generated_named_fallback,SKY TV,CC0-1.0,https://creativecommons.org/publicdomain/zero/1.0/,50cf6417a0fdd1647ff9b0eebf910f69840d75c7249162893ac273fa59d76ee8,fallback_ready,Original name-and-motif artwork released under CC0; no portrait or third-party image.
person-fallback-navv-inder,person,Navv Inder,singer,generated/people/person-fallback-navv-inder.png,generated_named_fallback,SKY TV,CC0-1.0,https://creativecommons.org/publicdomain/zero/1.0/,bafdbdc5b115d60b264ddb38e7b634b93a7f8e62cb489d4a7914b89a6257a03a,fallback_ready,Original name-and-motif artwork released under CC0; no portrait or third-party image.
person-fallback-nawazuddin-siddiqui,person,Nawazuddin Siddiqui,actor,generated/people/person-fallback-nawazuddin-siddiqui.png,generated_named_fallback,SKY TV,CC0-1.0,https://creativecommons.org/publicdomain/zero/1.0/,08f58004833e7ae85f88d3b16c0c4df6e966a32b1cda667664a5a1b1ce3546a4,fallback_ready,Original name-and-motif artwork released under CC0; no portrait or third-party image.
person-fallback-nayyara-noor,person,Nayyara Noor,singer,generated/people/person-fallback-nayyara-noor.png,generated_named_fallback,SKY TV,CC0-1.0,https://creativecommons.org/publicdomain/zero/1.0/,f662dd6c6a41ba39762ea5f0e550aaba674898b7dde4e6fc10d8826de96dba0d,fallback_ready,Original name-and-motif artwork released under CC0; no portrait or third-party image.
person-fallback-neha-kakkar,person,Neha Kakkar,singer,generated/people/person-fallback-neha-kakkar.png,generated_named_fallback,SKY TV,CC0-1.0,https://creativecommons.org/publicdomain/zero/1.0/,208dceb8ac35e883296e7d75bab32cef5e5d50acb8c0ab231ece29e1b5b8f0ab,fallback_ready,Original name-and-motif artwork released under CC0; no portrait or third-party image.
person-fallback-noor-jehan,person,Noor Jehan,singer,generated/people/person-fallback-noor-jehan.png,generated_named_fallback,SKY TV,CC0-1.0,https://creativecommons.org/publicdomain/zero/1.0/,4707763322c7f8c5903198db58795bc4ece40a261dbb70f3a3f376da5ef53689,fallback_ready,Original name-and-motif artwork released under CC0; no portrait or third-party image.
person-fallback-nusrat-fateh-ali-khan,person,Nusrat Fateh Ali Khan,singer,generated/people/person-fallback-nusrat-fateh-ali-khan.png,generated_named_fallback,SKY TV,CC0-1.0,https://creativecommons.org/publicdomain/zero/1.0/,6a36bb36c1606a395978c0d4bf9b125169711de6694914483f031e0bb97779e7,fallback_ready,Original name-and-motif artwork released under CC0; no portrait or third-party image.
person-fallback-om-puri,person,Om Puri,actor,generated/people/person-fallback-om-puri.png,generated_named_fallback,SKY TV,CC0-1.0,https://creativecommons.org/publicdomain/zero/1.0/,0908f6ea9d91eeaf08e5b32be1bf60844126f30ae3fd17fac052f9cbe0aee268,fallback_ready,Original name-and-motif artwork released under CC0; no portrait or third-party image.
person-fallback-palak-muchhal,person,Palak Muchhal,singer,generated/people/person-fallback-palak-muchhal.png,generated_named_fallback,SKY TV,CC0-1.0,https://creativecommons.org/publicdomain/zero/1.0/,4fb80a55f6d93ae4ae49abf102bbbfd7a6474ff8637968f52839e54474d4229c,fallback_ready,Original name-and-motif artwork released under CC0; no portrait or third-party image.
person-fallback-pammi-bai,person,Pammi Bai,singer,generated/people/person-fallback-pammi-bai.png,generated_named_fallback,SKY TV,CC0-1.0,https://creativecommons.org/publicdomain/zero/1.0/,3fa3990683a88631db9f741a5f1a6a155c2cc183bea017dcdac66ff93c16f189,fallback_ready,Original name-and-motif artwork released under CC0; no portrait or third-party image.
person-fallback-pankaj-tripathi,person,Pankaj Tripathi,actor,generated/people/person-fallback-pankaj-tripathi.png,generated_named_fallback,SKY TV,CC0-1.0,https://creativecommons.org/publicdomain/zero/1.0/,162cb7b7171eeec1fd45f07280f321a7a9de4d14f1d1bbfc47792cb3c30c64d1,fallback_ready,Original name-and-motif artwork released under CC0; no portrait or third-party image.
person-fallback-pankaj-udhas,person,Pankaj Udhas,singer,generated/people/person-fallback-pankaj-udhas.png,generated_named_fallback,SKY TV,CC0-1.0,https://creativecommons.org/publicdomain/zero/1.0/,88e2cb43efb9212d5d8eec6fdbbd8998349a1f1dcc0d9a4a6409cb25657235a8,fallback_ready,Original name-and-motif artwork released under CC0; no portrait or third-party image.
person-fallback-paresh-rawal,person,Paresh Rawal,actor,generated/people/person-fallback-paresh-rawal.png,generated_named_fallback,SKY TV,CC0-1.0,https://creativecommons.org/publicdomain/zero/1.0/,5d43cdcaf34e397faccb3a61dc03eee7eaf718bf361678df53774f5b1dc94c97,fallback_ready,Original name-and-motif artwork released under CC0; no portrait or third-party image.
person-fallback-pav-dharia,person,Pav Dharia,singer,generated/people/person-fallback-pav-dharia.png,generated_named_fallback,SKY TV,CC0-1.0,https://creativecommons.org/publicdomain/zero/1.0/,3adc9e51bfe53660a0784fd4866d5846a8972e16d8516c927e598ae15de0d5c7,fallback_ready,Original name-and-motif artwork released under CC0; no portrait or third-party image.
person-fallback-preet-harpal,person,Preet Harpal,singer,generated/people/person-fallback-preet-harpal.png,generated_named_fallback,SKY TV,CC0-1.0,https://creativecommons.org/publicdomain/zero/1.0/,48426a0cc606763b5b65677067be494210e65effba2279f6372b374084c244b3,fallback_ready,Original name-and-motif artwork released under CC0; no portrait or third-party image.
person-fallback-prem-chopra,person,Prem Chopra,actor,generated/people/person-fallback-prem-chopra.png,generated_named_fallback,SKY TV,CC0-1.0,https://creativecommons.org/publicdomain/zero/1.0/,fba8c2473cd292fcdbe5cc8e25e2aec7c3868c5f4ad6d6d9a08e599bd6facbb2,fallback_ready,Original name-and-motif artwork released under CC0; no portrait or third-party image.
person-fallback-prem-dhillon,person,Prem Dhillon,singer,generated/people/person-fallback-prem-dhillon.png,generated_named_fallback,SKY TV,CC0-1.0,https://creativecommons.org/publicdomain/zero/1.0/,f1044cd06c3df1735249677dea83b20e2439fadddb52c41f7bcdb93f4b877e32,fallback_ready,Original name-and-motif artwork released under CC0; no portrait or third-party image.
person-fallback-qurat-ul-ain-balouch,person,Qurat-ul-Ain Balouch,singer,generated/people/person-fallback-qurat-ul-ain-balouch.png,generated_named_fallback,SKY TV,CC0-1.0,https://creativecommons.org/publicdomain/zero/1.0/,5b23bb253218ac6c20b686030567087c68327e29fd867b3d808f60ff1bf44715,fallback_ready,Original name-and-motif artwork released under CC0; no portrait or third-party image.
person-fallback-rahat-fateh-ali-khan,person,Rahat Fateh Ali Khan,singer,generated/people/person-fallback-rahat-fateh-ali-khan.png,generated_named_fallback,SKY TV,CC0-1.0,https://creativecommons.org/publicdomain/zero/1.0/,080116a2cc16b46ea2f4adcd695970df703afffee02537e5f8fe045e80a24723,fallback_ready,Original name-and-motif artwork released under CC0; no portrait or third-party image.
person-fallback-rahim-shah,person,Rahim Shah,singer,generated/people/person-fallback-rahim-shah.png,generated_named_fallback,SKY TV,CC0-1.0,https://creativecommons.org/publicdomain/zero/1.0/,eedf6152cafd0b7d0d755172a3f36b4bbf0fe337fc4d0b43a036a0c36950f630,fallback_ready,Original name-and-motif artwork released under CC0; no portrait or third-party image.
person-fallback-rahul-dev,person,Rahul Dev,actor,generated/people/person-fallback-rahul-dev.png,generated_named_fallback,SKY TV,CC0-1.0,https://creativecommons.org/publicdomain/zero/1.0/,2ee02aeb8d4a99b47e195017299edc86d7a6be548ab6cf2ae4d29f4ae9344c6f,fallback_ready,Original name-and-motif artwork released under CC0; no portrait or third-party image.
person-fallback-raj-babbar,person,Raj Babbar,actor,generated/people/person-fallback-raj-babbar.png,generated_named_fallback,SKY TV,CC0-1.0,https://creativecommons.org/publicdomain/zero/1.0/,f23f004210a0ef02fe0a922a502f1d0ff36a901bcdb8c9a05750254e3c9e32d2,fallback_ready,Original name-and-motif artwork released under CC0; no portrait or third-party image.
person-fallback-raj-brar,person,Raj Brar,singer,generated/people/person-fallback-raj-brar.png,generated_named_fallback,SKY TV,CC0-1.0,https://creativecommons.org/publicdomain/zero/1.0/,bd453d39e26e4f40d61aaddf836860e56b7e72a5318f7f79c31ff980d9b8c31a,fallback_ready,Original name-and-motif artwork released under CC0; no portrait or third-party image.
person-fallback-rajendra-kumar,person,Rajendra Kumar,actor,generated/people/person-fallback-rajendra-kumar.png,generated_named_fallback,SKY TV,CC0-1.0,https://creativecommons.org/publicdomain/zero/1.0/,e9320ef8baf239048bd05f6d2f7d8609e43c5cfd2b05cbec0bc7a59b55c4171c,fallback_ready,Original name-and-motif artwork released under CC0; no portrait or third-party image.
person-fallback-rajesh-khanna,person,Rajesh Khanna,actor,generated/people/person-fallback-rajesh-khanna.png,generated_named_fallback,SKY TV,CC0-1.0,https://creativecommons.org/publicdomain/zero/1.0/,a3c4461fccc91e6bb7b2ab81f286a919d02e66d418d47a4fd1978e5b8c35b309,fallback_ready,Original name-and-motif artwork released under CC0; no portrait or third-party image.
person-fallback-rajkumaar-rao,person,Rajkumaar Rao,actor,generated/people/person-fallback-rajkumaar-rao.png,generated_named_fallback,SKY TV,CC0-1.0,https://creativecommons.org/publicdomain/zero/1.0/,f9874f99a018d6b50111e23357a0ee11a0fd624c51cce15f9a8ae8803c426326,fallback_ready,Original name-and-motif artwork released under CC0; no portrait or third-party image.
person-fallback-ranbir-kapoor,person,Ranbir Kapoor,actor,generated/people/person-fallback-ranbir-kapoor.png,generated_named_fallback,SKY TV,CC0-1.0,https://creativecommons.org/publicdomain/zero/1.0/,af4c5dc73473b232fe2600cb63897af3bdb92289595417440c836efd07d7a522,fallback_ready,Original name-and-motif artwork released under CC0; no portrait or third-party image.
person-fallback-randeep-hooda,person,Randeep Hooda,actor,generated/people/person-fallback-randeep-hooda.png,generated_named_fallback,SKY TV,CC0-1.0,https://creativecommons.org/publicdomain/zero/1.0/,ae84bcb1ca14081e432cedf712709519815a82c708b831c621bb8743ffe616b3,fallback_ready,Original name-and-motif artwork released under CC0; no portrait or third-party image.
person-fallback-ranjit-bawa,person,Ranjit Bawa,singer,generated/people/person-fallback-ranjit-bawa.png,generated_named_fallback,SKY TV,CC0-1.0,https://creativecommons.org/publicdomain/zero/1.0/,d9db7b0f4ffcdf36ccabc77ed570b0228bbb23693617b1081f2d1f8940fee516,fallback_ready,Original name-and-motif artwork released under CC0; no portrait or third-party image.
person-fallback-ranveer-singh,person,Ranveer Singh,actor,generated/people/person-fallback-ranveer-singh.png,generated_named_fallback,SKY TV,CC0-1.0,https://creativecommons.org/publicdomain/zero/1.0/,c006f2d98ebd3ca041ff93ff9aa659f3a9052c76f9145b2cda46a75facf87335,fallback_ready,Original name-and-motif artwork released under CC0; no portrait or third-party image.
person-fallback-ravinder-grewal,person,Ravinder Grewal,singer,generated/people/person-fallback-ravinder-grewal.png,generated_named_fallback,SKY TV,CC0-1.0,https://creativecommons.org/publicdomain/zero/1.0/,3307d6e39a19bcfde3b86b9af6d79e4b5b8cde0a1ecbd5d59ab0962f2e50d626,fallback_ready,Original name-and-motif artwork released under CC0; no portrait or third-party image.
person-fallback-rishi-kapoor,person,Rishi Kapoor,actor,generated/people/person-fallback-rishi-kapoor.png,generated_named_fallback,SKY TV,CC0-1.0,https://creativecommons.org/publicdomain/zero/1.0/,e2d20e48c31d315a9e137124c51d72268d17fb058789dfd2d2410af8d0247573,fallback_ready,Original name-and-motif artwork released under CC0; no portrait or third-party image.
person-fallback-runa-laila,person,Runa Laila,singer,generated/people/person-fallback-runa-laila.png,generated_named_fallback,SKY TV,CC0-1.0,https://creativecommons.org/publicdomain/zero/1.0/,06d11ed879aec2036e4730d531d32433350fa5ed25610688d6151e37286ff40c,fallback_ready,Original name-and-motif artwork released under CC0; no portrait or third-party image.
person-fallback-saif-ali-khan,person,Saif Ali Khan,actor,generated/people/person-fallback-saif-ali-khan.png,generated_named_fallback,SKY TV,CC0-1.0,https://creativecommons.org/publicdomain/zero/1.0/,73d3cd3943dfeaeab514a59d5bf3794cb6f88fe38cbe9c2cd786cf7a2b2495a6,fallback_ready,Original name-and-motif artwork released under CC0; no portrait or third-party image.
person-fallback-salman-khan,person,Salman Khan,actor,generated/people/person-fallback-salman-khan.png,generated_named_fallback,SKY TV,CC0-1.0,https://creativecommons.org/publicdomain/zero/1.0/,6798cb07985da104cad4c30e79882473f12ba54a75c2cbe3dc75cc626b999db5,fallback_ready,Original name-and-motif artwork released under CC0; no portrait or third-party image.
person-fallback-sanjay-dutt,person,Sanjay Dutt,actor,generated/people/person-fallback-sanjay-dutt.png,generated_named_fallback,SKY TV,CC0-1.0,https://creativecommons.org/publicdomain/zero/1.0/,394afec94a278052b02baa62d4f805903acae142b0f1ce67b2856c3383448935,fallback_ready,Original name-and-motif artwork released under CC0; no portrait or third-party image.
person-fallback-sanjay-mishra,person,Sanjay Mishra,actor,generated/people/person-fallback-sanjay-mishra.png,generated_named_fallback,SKY TV,CC0-1.0,https://creativecommons.org/publicdomain/zero/1.0/,c5ceea1028cefa01050449ed42ac60d96c41f52e4a3ff205ebde9fffcc322d13,fallback_ready,Original name-and-motif artwork released under CC0; no portrait or third-party image.
person-fallback-sarbjit-cheema,person,Sarbjit Cheema,singer,generated/people/person-fallback-sarbjit-cheema.png,generated_named_fallback,SKY TV,CC0-1.0,https://creativecommons.org/publicdomain/zero/1.0/,84f603e63de61c270955f85aa06fd18c0c7b99849c0380487a5424491f7647e9,fallback_ready,Original name-and-motif artwork released under CC0; no portrait or third-party image.
person-fallback-sardool-sikander,person,Sardool Sikander,singer,generated/people/person-fallback-sardool-sikander.png,generated_named_fallback,SKY TV,CC0-1.0,https://creativecommons.org/publicdomain/zero/1.0/,23792f1b57609bdc2ab1b0a13f807c6beea6c87b9cff2533195e03f7c02e799e,fallback_ready,Original name-and-motif artwork released under CC0; no portrait or third-party image.
person-fallback-satinder-sartaaj,person,Satinder Sartaaj,singer,generated/people/person-fallback-satinder-sartaaj.png,generated_named_fallback,SKY TV,CC0-1.0,https://creativecommons.org/publicdomain/zero/1.0/,ae5378a60b40fd705c45d41c2875396628815c0fec1579faa80b65c63c370699,fallback_ready,Original name-and-motif artwork released under CC0; no portrait or third-party image.
person-fallback-satwinder-bitti,person,Satwinder Bitti,singer,generated/people/person-fallback-satwinder-bitti.png,generated_named_fallback,SKY TV,CC0-1.0,https://creativecommons.org/publicdomain/zero/1.0/,4760449b8610fb0750a08b88e7aaf7009385ac562041743f9598917f6fcf1744,fallback_ready,Original name-and-motif artwork released under CC0; no portrait or third-party image.
person-fallback-shaan,person,Shaan,singer,generated/people/person-fallback-shaan.png,generated_named_fallback,SKY TV,CC0-1.0,https://creativecommons.org/publicdomain/zero/1.0/,54efee84e472a52656a886b84dc5f50eeb009901db9dba608cf9b14ecfad697e,fallback_ready,Original name-and-motif artwork released under CC0; no portrait or third-party image.
person-fallback-shakti-kapoor,person,Shakti Kapoor,actor,generated/people/person-fallback-shakti-kapoor.png,generated_named_fallback,SKY TV,CC0-1.0,https://creativecommons.org/publicdomain/zero/1.0/,a0b115e988df11eb9941aa64d8ed3252206bf60152c8685756011398e818d362,fallback_ready,Original name-and-motif artwork released under CC0; no portrait or third-party image.
person-fallback-shammi-kapoor,person,Shammi Kapoor,actor,generated/people/person-fallback-shammi-kapoor.png,generated_named_fallback,SKY TV,CC0-1.0,https://creativecommons.org/publicdomain/zero/1.0/,3786ba6778c0d6081823d66240d2940fcf7f87832d183d5bc69e5a82bffcce9e,fallback_ready,Original name-and-motif artwork released under CC0; no portrait or third-party image.
person-fallback-sharman-joshi,person,Sharman Joshi,actor,generated/people/person-fallback-sharman-joshi.png,generated_named_fallback,SKY TV,CC0-1.0,https://creativecommons.org/publicdomain/zero/1.0/,9dd8a04c16128bf8046f37708004dfe05a6a2b3f2084dffdae8ddd5986336b6a,fallback_ready,Original name-and-motif artwork released under CC0; no portrait or third-party image.
person-fallback-sharry-maan,person,Sharry Maan,singer,generated/people/person-fallback-sharry-maan.png,generated_named_fallback,SKY TV,CC0-1.0,https://creativecommons.org/publicdomain/zero/1.0/,d1dcca19b58c78b11a7790c9c80f2bc964f41a3d00efb3e221601ec7305b72c4,fallback_ready,Original name-and-motif artwork released under CC0; no portrait or third-party image.
person-fallback-shatrughan-sinha,person,Shatrughan Sinha,actor,generated/people/person-fallback-shatrughan-sinha.png,generated_named_fallback,SKY TV,CC0-1.0,https://creativecommons.org/publicdomain/zero/1.0/,1e804c5405d3a25e20c0afbd7b5de08208b72704ea31ed6b023c96b914c1ae7f,fallback_ready,Original name-and-motif artwork released under CC0; no portrait or third-party image.
person-fallback-sheera-jasvir,person,Sheera Jasvir,singer,generated/people/person-fallback-sheera-jasvir.png,generated_named_fallback,SKY TV,CC0-1.0,https://creativecommons.org/publicdomain/zero/1.0/,9785f04427485df14b518386e0fe41140564d4ab80b4a42ef4f2d97574bcd86c,fallback_ready,Original name-and-motif artwork released under CC0; no portrait or third-party image.
person-fallback-shreya-ghoshal,person,Shreya Ghoshal,singer,generated/people/person-fallback-shreya-ghoshal.png,generated_named_fallback,SKY TV,CC0-1.0,https://creativecommons.org/publicdomain/zero/1.0/,8b25985361b1637df4c16a3dfd03fa10e865dbe61598b31ce21efc2e3082dfb2,fallback_ready,Original name-and-motif artwork released under CC0; no portrait or third-party image.
person-fallback-sohail-khan,person,Sohail Khan,actor,generated/people/person-fallback-sohail-khan.png,generated_named_fallback,SKY TV,CC0-1.0,https://creativecommons.org/publicdomain/zero/1.0/,79d7e0cd7f96f1fb1d7cd3aacec8f9af0646fec089edca668c56c4003b53bac5,fallback_ready,Original name-and-motif artwork released under CC0; no portrait or third-party image.
person-fallback-sonu-kakkar,person,Sonu Kakkar,singer,generated/people/person-fallback-sonu-kakkar.png,generated_named_fallback,SKY TV,CC0-1.0,https://creativecommons.org/publicdomain/zero/1.0/,3238c4281b11ad99be9a3f732c94808a202ec7840c556b58c7163296186cf294,fallback_ready,Original name-and-motif artwork released under CC0; no portrait or third-party image.
person-fallback-sonu-sood,person,Sonu Sood,actor,generated/people/person-fallback-sonu-sood.png,generated_named_fallback,SKY TV,CC0-1.0,https://creativecommons.org/publicdomain/zero/1.0/,fcd2f0acaa288f8ba439e8e426ea120dd2feb6b9752ec755ed9f98b66d171076,fallback_ready,Original name-and-motif artwork released under CC0; no portrait or third-party image.
person-fallback-sukhwinder-singh,person,Sukhwinder Singh,singer,generated/people/person-fallback-sukhwinder-singh.png,generated_named_fallback,SKY TV,CC0-1.0,https://creativecommons.org/publicdomain/zero/1.0/,fc7e135655db2abe319b290a4e810ab72bc3ca50dd031df9d0fc28d655219961,fallback_ready,Original name-and-motif artwork released under CC0; no portrait or third-party image.
person-fallback-sukshinder-shinda,person,Sukshinder Shinda,singer,generated/people/person-fallback-sukshinder-shinda.png,generated_named_fallback,SKY TV,CC0-1.0,https://creativecommons.org/publicdomain/zero/1.0/,a66f77a3506927875db48144e13f137dc2e29f9fc7ebebe113eba54949d92b68,fallback_ready,Original name-and-motif artwork released under CC0; no portrait or third-party image.
person-fallback-sunanda-sharma,person,Sunanda Sharma,singer,generated/people/person-fallback-sunanda-sharma.png,generated_named_fallback,SKY TV,CC0-1.0,https://creativecommons.org/publicdomain/zero/1.0/,a2bb3269606375ccee1fbfe299f1df95980b2609e27b819f986fc91628336e33,fallback_ready,Original name-and-motif artwork released under CC0; no portrait or third-party image.
person-fallback-sunidhi-chauhan,person,Sunidhi Chauhan,singer,generated/people/person-fallback-sunidhi-chauhan.png,generated_named_fallback,SKY TV,CC0-1.0,https://creativecommons.org/publicdomain/zero/1.0/,3ed537d9bfe5b49e80faee311f747ad1d9ef406f475a87a01ee9508be878133b,fallback_ready,Original name-and-motif artwork released under CC0; no portrait or third-party image.
person-fallback-suniel-shetty,person,Suniel Shetty,actor,generated/people/person-fallback-suniel-shetty.png,generated_named_fallback,SKY TV,CC0-1.0,https://creativecommons.org/publicdomain/zero/1.0/,aa66ae766c20f5e0c79f4f48c054723d18caadf28da827b94e7afce4992a55b3,fallback_ready,Original name-and-motif artwork released under CC0; no portrait or third-party image.
person-fallback-surjit-bindrakhia,person,Surjit Bindrakhia,singer,generated/people/person-fallback-surjit-bindrakhia.png,generated_named_fallback,SKY TV,CC0-1.0,https://creativecommons.org/publicdomain/zero/1.0/,72f6f5b47bf32a3af75d8c442b8f86312601033151e69a0a66c98d9425df3116,fallback_ready,Original name-and-motif artwork released under CC0; no portrait or third-party image.
person-fallback-surjit-khan,person,Surjit Khan,singer,generated/people/person-fallback-surjit-khan.png,generated_named_fallback,SKY TV,CC0-1.0,https://creativecommons.org/publicdomain/zero/1.0/,d8c07c4fa045f756ec6fa4477b252a86ede3b74eba5fc464d1f0fd43e1e1b10a,fallback_ready,Original name-and-motif artwork released under CC0; no portrait or third-party image.
person-fallback-sushant-singh-rajput,person,Sushant Singh Rajput,actor,generated/people/person-fallback-sushant-singh-rajput.png,generated_named_fallback,SKY TV,CC0-1.0,https://creativecommons.org/publicdomain/zero/1.0/,ee4fa5a6eb5db03788acf0c2b99117edba4483c00552880b3addbed9564453bb,fallback_ready,Original name-and-motif artwork released under CC0; no portrait or third-party image.
person-fallback-tarsem-jassar,person,Tarsem Jassar,singer,generated/people/person-fallback-tarsem-jassar.png,generated_named_fallback,SKY TV,CC0-1.0,https://creativecommons.org/publicdomain/zero/1.0/,91912ef750045f96b41ca4158b76fd643127d67cc632b7461b4cf02dcdcd1a9f,fallback_ready,Original name-and-motif artwork released under CC0; no portrait or third-party image.
person-fallback-tiger-shroff,person,Tiger Shroff,actor,generated/people/person-fallback-tiger-shroff.png,generated_named_fallback,SKY TV,CC0-1.0,https://creativecommons.org/publicdomain/zero/1.0/,e94a87a7abafbd329f6eab35c3f0daad7cfad409a867de31e0d128b2eba5d296,fallback_ready,Original name-and-motif artwork released under CC0; no portrait or third-party image.
person-fallback-tulsi-kumar,person,Tulsi Kumar,singer,generated/people/person-fallback-tulsi-kumar.png,generated_named_fallback,SKY TV,CC0-1.0,https://creativecommons.org/publicdomain/zero/1.0/,e539aa1af1c6f664d396d19e1a853698516150a660ded7f026e94f2effa98434,fallback_ready,Original name-and-motif artwork released under CC0; no portrait or third-party image.
person-fallback-tusshar-kapoor,person,Tusshar Kapoor,actor,generated/people/person-fallback-tusshar-kapoor.png,generated_named_fallback,SKY TV,CC0-1.0,https://creativecommons.org/publicdomain/zero/1.0/,255b2ec1dcbb15c1374f1f23e2355572e30d1137e264bda5dbb188a741488c2a,fallback_ready,Original name-and-motif artwork released under CC0; no portrait or third-party image.
person-fallback-udit-narayan,person,Udit Narayan,singer,generated/people/person-fallback-udit-narayan.png,generated_named_fallback,SKY TV,CC0-1.0,https://creativecommons.org/publicdomain/zero/1.0/,b8ae0f2536db27b83c7855521dd4efdf0bfd6cb1685b0f54962f9826904422c0,fallback_ready,Original name-and-motif artwork released under CC0; no portrait or third-party image.
person-fallback-varun-dhawan,person,Varun Dhawan,actor,generated/people/person-fallback-varun-dhawan.png,generated_named_fallback,SKY TV,CC0-1.0,https://creativecommons.org/publicdomain/zero/1.0/,e8ecfd8a6ea7ae8df350fc0bd69bd95b7e7d37e78bb939f6a997944e556a3cd0,fallback_ready,Original name-and-motif artwork released under CC0; no portrait or third-party image.
person-fallback-vidyut-jammwal,person,Vidyut Jammwal,actor,generated/people/person-fallback-vidyut-jammwal.png,generated_named_fallback,SKY TV,CC0-1.0,https://creativecommons.org/publicdomain/zero/1.0/,cb646de141bfec7ba52b22a7fa0c7848d91796a383b8d3fc577423ba507d0d62,fallback_ready,Original name-and-motif artwork released under CC0; no portrait or third-party image.
person-fallback-vinod-khanna,person,Vinod Khanna,actor,generated/people/person-fallback-vinod-khanna.png,generated_named_fallback,SKY TV,CC0-1.0,https://creativecommons.org/publicdomain/zero/1.0/,f13b8b91313a9201101790ef696ff64ca78a936becda8e4d5c009c3031d95299,fallback_ready,Original name-and-motif artwork released under CC0; no portrait or third-party image.
person-fallback-vishal-dadlani,person,Vishal Dadlani,singer,generated/people/person-fallback-vishal-dadlani.png,generated_named_fallback,SKY TV,CC0-1.0,https://creativecommons.org/publicdomain/zero/1.0/,816f20b586c708fa2395bc09ab38a7de7e579123f79db7ec42e095d5e2448b8e,fallback_ready,Original name-and-motif artwork released under CC0; no portrait or third-party image.
person-fallback-vivek-oberoi,person,Vivek Oberoi,actor,generated/people/person-fallback-vivek-oberoi.png,generated_named_fallback,SKY TV,CC0-1.0,https://creativecommons.org/publicdomain/zero/1.0/,15d4c151041d734344bdca7b34ceaeae774f9099af2de2ec7ca0a2dbe8699e5f,fallback_ready,Original name-and-motif artwork released under CC0; no portrait or third-party image.
person-fallback-yuvraj-hans,person,Yuvraj Hans,singer,generated/people/person-fallback-yuvraj-hans.png,generated_named_fallback,SKY TV,CC0-1.0,https://creativecommons.org/publicdomain/zero/1.0/,cc171bcd7fc433d5fafb3a0d10d330856d9bf46a2c07dbf650a41aaa48d95260,fallback_ready,Original name-and-motif artwork released under CC0; no portrait or third-party image.
